Metric,Value
Mean,-0.03398881052481947
Median,-0.025118
Standard Deviation,0.6137741878106105
Variance,0.3767187536225747
Skewness,-0.17175221881601183
Outlier Count,5128.0
